employee_id,first_name,last_name,state_id,employment_type_id,manager_id,employee_since,projects,salary,bonus
1232122,Laila,Friese,1,2,45,08/07/2002,15,70139.00,0.10
1232132,Alden,Puccio,2,3,49,18/08/2014,2,30954.00,0.05
1232142,Dona,Mccammon,3,1,41,31/08/2010,6,49140.00,0.07
1232152,Leland,Upton,4,4,53,25/02/2016,1,41213.00,0.06
1232162,Ariane,Belvin,5,2,27,27/06/2011,6,84126.00,0.11
1232172,Regine,Ellender,6,2,19,31/07/2009,7,70266.00,0.10
1232182,Vincenza,Petrus,7,3,26,23/08/2002,14,17609.00,0.01
1232192,Maegan,Sandusky,8,1,54,12/10/2010,6,76902.00,0.11
1232202,Erma,Vicini,9,2,23,05/10/2002,14,86804.00,0.12
1232212,Laura,Mcmakin,10,2,3,22/11/2005,11,35553.00,0.06
1232222,Giuseppina,Bonilla,11,3,56,05/12/2006,10,20486.00,0.01
1232232,Kerstin,Thode,12,2,21,30/11/2007,9,57005.00,0.08
1232242,Sonny,Harbour,13,3,17,18/02/2015,2,35165.00,0.06
1232252,Teena,Wurst,14,2,12,10/02/2016,1,92127.00,0.12
1232262,Lanie,Witmer,15,2,22,21/02/2004,13,86447.00,0.12
1232272,Sherril,Ruddick,16,4,25,26/02/2015,2,33579.00,0.05
1232282,Neva,Siegler,17,1,52,05/03/2004,13,88578.00,0.12
1232292,Catrice,Ridley,18,2,16,10/03/2012,5,67326.00,0.10
1232302,Rodrick,Pardee,19,2,6,05/05/2010,7,98522.00,0.13
1232312,Lionel,Bourgoin,20,4,51,06/05/2013,4,12285.00,0.01
1232322,Qiana,Pierre,21,2,2,10/06/2002,15,83265.00,0.11
1232332,Erik,Saul,22,2,31,14/06/2010,7,43512.00,0.06
1232342,Laci,Meints,23,2,55,26/07/2009,8,57015.00,0.08
1232352,Thomasina,Ramerez,24,2,38,29/06/2004,13,38861.00,0.06
1232362,Rosena,Eden,25,2,1,20/08/2002,14,55272.00,0.08
1232372,Alesha,Gabourel,26,2,10,31/08/2007,9,35060.00,0.06
1232382,Kyoko,Pasquale,27,2,34,29/09/2003,13,65195.00,0.10
1232392,Shelley,Westergard,28,3,20,08/11/2009,7,12737.00,0.01
1232402,Alyson,Vahle,29,4,33,26/02/2010,7,23142.00,0.01
1232412,Al,Lukowski,30,2,57,16/04/2013,4,59115.00,0.08
1232422,Cecil,Luciano,31,2,5,06/05/2015,2,47765.00,0.07
1232432,Hilaria,Rogers,32,2,28,25/05/2011,6,84830.00,0.11
1232442,Howard,Cruise,33,2,11,15/10/2015,1,53393.00,0.07
1232452,Jacqualine,Fuhrman,34,1,13,23/05/2014,3,67148.00,0.10
1232462,Lizzette,Mccormick,35,3,42,28/05/2011,6,53246.00,0.07
1232472,Simone,Seto,36,3,44,01/06/2013,4,33128.00,0.05
1232482,Lang,Burkholder,37,4,30,14/07/2015,2,16832.00,0.01
1232492,Art,Muse,38,1,40,09/07/2010,7,95897.00,0.13
1232502,Stanton,Kothari,39,2,29,19/07/2013,4,89345.00,0.12
1232512,Daysi,Duarte,40,3,46,02/07/2004,13,40751.00,0.06
1232522,Loni,Cobbley,41,1,15,21/08/2013,3,74372.00,0.10
1232532,Tess,Vrooman,42,2,18,31/07/2001,15,70497.00,0.10
1232542,Fredericka,Eckart,43,3,37,13/08/2001,15,27006.00,0.05
1232552,Dusti,Major,44,1,35,19/08/2001,15,98732.00,0.13
1232562,Naomi,Borges,45,2,32,29/07/2014,2,86300.00,0.12
1232582,Letitia,Brighton,47,1,8,10/09/2015,2,79601.00,0.11
1232592,Effie,Calle,48,1,48,10/09/2009,1,74456.00,0.10
1232602,Elina,Spight,49,3,50,22/09/2009,7,86331.00,0.12
1232612,Jere,Reller,50,4,47,12/09/2003,7,55923.00,0.08
1232622,Ringo,Star,32,2,43,15/10/2014,13,34745.00,0.05
1232632,Alonzo,Hansen,43,1,7,30/09/2013,2,57540.00,0.08
1232642,Candice,Fox,34,1,39,12/10/2001,3,58391.00,0.08
1232652,Jacquelyn,Davis,22,2,24,22/10/2004,15,73164.00,0.10
1232662,Jeffery,Norris,1,2,45,27/09/2005,12,31395.00,0.05
1232672,Benny,Boyd,2,1,49,14/10/2012,4,29789.00,0.05
1232673,Glynis,Brodbeck,46,2,9,19/08/2014,11,99194.00,0.13
1232682,Orlando,Reese,3,2,41,01/10/2013,3,44741.00,0.06
1232692,Joel,Reeves,4,2,53,19/10/2013,3,26891.00,0.05
1232702,Stella,Wong,5,2,27,17/11/2015,1,36771.00,0.06
1232712,Helen,Cook,6,2,19,15/11/2011,5,86247.00,0.12
1232722,Marcus,Schultz,7,2,26,07/11/2010,6,36866.00,0.06
1232732,Gloria,Butler,8,2,54,06/11/2013,3,94857.00,0.12
1232742,Randall,Cummings,9,2,23,16/11/2013,3,89607.00,0.12
1232752,Faith,Peterson,10,1,3,13/11/2009,7,97251.00,0.13
1232762,Patty,Cunningham,11,1,56,19/11/2001,15,101640.00,0.13
1232772,Carla,Bates,12,2,21,01/11/2004,12,33096.00,0.05
1232782,Nadine,Gilbert,13,1,17,20/11/2012,4,91781.00,0.12
1232792,Tasha,Nichols,14,2,12,14/12/2001,15,40173.00,0.06
1232802,Mitchell,Brock,15,2,22,08/12/2006,10,100811.00,0.13
1232812,Kellie,Figueroa,16,2,25,27/12/2015,1,82184.00,0.11
1232822,Bonnie,Ramirez,17,3,52,10/01/2011,6,31059.00,0.05
1232832,Jason,Logan,18,1,16,03/01/2014,3,103163.00,0.13
1232842,Sheila,Carson,19,3,6,16/02/2015,2,15939.00,0.01
1232852,Terry,White,20,3,51,28/01/2012,5,44961.00,0.06
1232862,Gordon,Palmer,21,2,2,19/02/2010,7,47271.00,0.07
1232872,Dean,Sandoval,22,1,31,25/02/2002,15,35049.00,0.06
1232882,Simon,Salazar,23,4,55,18/03/2002,15,21368.00,0.01
1232892,Mandy,Lewis,24,1,38,07/03/2010,7,95949.00,0.13
1232902,Gerald,Watkins,25,2,1,26/03/2013,4,47922.00,0.07
1232912,Patti,Riley,26,2,10,12/04/2015,2,99246.00,0.13
1232922,Jonathon,Soto,27,2,34,14/04/2016,1,82782.00,0.11
1232932,Erica,Hunt,28,2,20,20/04/2011,6,78414.00,0.11
1232942,Dewey,Daniel,29,1,33,15/04/2002,15,88862.00,0.12
1232952,Fred,Reed,30,2,57,08/04/2005,12,72524.00,0.10
1232962,Garrett,Barker,31,1,5,10/05/2012,5,53907.00,0.07
1232972,Julian,Lyons,32,1,28,03/05/2003,14,27216.00,0.05
1232982,Caleb,Morton,33,4,11,20/05/2003,14,38189.00,0.06
1232992,Carole,Holloway,34,1,13,16/05/2010,7,71789.00,0.10
1233002,Louise,Mcbride,35,2,42,16/05/2014,3,89891.00,0.12
1233012,Terry,Hill,36,1,44,17/06/2012,5,49602.00,0.07
1233022,Geneva,Lowe,37,2,30,30/05/2015,2,70917.00,0.10
1233032,Colin,Nunez,38,2,40,08/06/2003,14,37076.00,0.06
1233042,Willie,Hubbard,39,2,29,12/06/2005,12,83108.00,0.11
1233052,Greg,Graham,40,2,46,01/06/2007,10,77259.00,0.11
1233062,Dallas,Ball,41,3,15,16/06/2012,5,26030.00,0.05
1233072,Jana,Pope,42,2,18,11/08/2011,5,42315.00,0.06
1233082,Teri,Bowers,43,1,37,04/08/2009,7,91088.00,0.12
1233092,Esther,Gomez,44,1,35,17/09/2011,5,41150.00,0.06
1233102,Colleen,Cannon,45,1,32,10/09/2013,3,68555.00,0.10
1233112,Stacey,Carroll,46,2,9,15/10/2012,4,88295.00,0.12
1233122,Irene,Mcguire,47,2,8,16/03/2007,10,99950.00,0.13
1233132,Leslie,French,48,2,48,29/04/2011,6,82152.00,0.11
1233142,Muriel,Collins,49,3,50,20/05/2014,3,53403.00,0.07
1233152,Lindsay,Vargas,50,2,47,16/07/2009,8,26481.00,0.05
1233162,Dana,Fields,32,2,43,19/07/2002,15,78887.00,0.11
1233172,Erika,Andrews,43,3,7,26/07/2014,3,12159.00,0.01
1233182,Peter,Rodgers,34,2,39,19/09/2009,7,30629.00,0.05
1233192,Emily,Maxwell,22,2,24,24/09/2002,14,57593.00,0.08
1233202,Dale,Alexander,1,2,45,31/08/2010,6,50453.00,0.07
1233212,Keith,Hanson,2,4,49,09/11/2013,3,31752.00,0.05
1233222,Shelia,Curry,3,2,41,12/01/2012,5,79769.00,0.11
1233232,Casey,Rogers,4,3,53,31/05/2014,3,33065.00,0.05
1233242,Mindy,Coleman,5,1,27,04/07/2014,3,92463.00,0.12
1233252,Krista,Knight,6,2,19,07/07/2015,2,95288.00,0.13
1233262,Sherri,Hall,7,3,26,22/07/2010,7,21557.00,0.01
1233272,Tami,Estrada,8,1,54,13/07/2002,15,38052.00,0.06
1233282,Alicia,Lawson,9,2,23,23/08/2009,7,92547.00,0.12
1233292,Dora,Dawson,10,1,3,12/08/2006,10,84767.00,0.11
1233302,Lucia,Dixon,11,1,56,20/09/2013,3,40730.00,0.06
1233312,Cesar,Adkins,12,2,21,14/10/2002,14,70844.00,0.10
1233322,Grady,Gonzalez,13,1,17,08/12/2001,15,74466.00,0.10
1233332,Byron,Floyd,14,2,12,22/01/2015,2,43460.00,0.06
1233342,Janis,Stone,15,1,22,26/12/2002,14,100454.00,0.13
1233352,Eduardo,Mitchell,16,3,25,10/01/2003,14,49560.00,0.07
1233362,Guadalupe,Jackson,17,2,52,02/02/2016,1,95592.00,0.13
1233372,Rosalie,Gutierrez,18,4,16,25/02/2010,7,14648.00,0.01
1233382,Leonard,Abbott,19,2,6,04/02/2005,12,70634.00,0.10
1233392,Edna,Patterson,20,2,51,05/04/2002,15,57887.00,0.08
1233402,Karla,Nelson,21,4,2,03/05/2012,5,17000.00,0.01
1233412,Margarita,Hernandez,22,1,31,30/04/2010,7,87812.00,0.12
1233422,Brenda,Mcdaniel,23,2,55,18/06/2006,11,45906.00,0.07
1233432,Everett,Wagner,24,2,38,10/08/2003,13,86699.00,0.12
1233442,Gene,Green,25,1,1,20/12/2011,5,69374.00,0.10
1233452,Dwight,Long,26,2,10,18/02/2012,5,54695.00,0.07
1233462,Lamar,Reynolds,27,2,34,04/02/2014,3,91424.00,0.12
1233472,Jennie,Erickson,28,2,20,18/03/2014,3,77091.00,0.11
1233482,Micheal,Goodwin,29,3,33,03/07/2013,4,24518.00,0.01
1233492,Eloise,Delgado,30,2,57,17/07/2013,4,56900.00,0.08
1233502,Felix,Leonard,31,1,5,17/07/2006,11,36929.00,0.06
1233512,Arnold,Zimmerman,32,3,28,22/08/2010,6,17336.00,0.01
1233522,Clinton,Watts,33,2,11,29/07/2005,11,49067.00,0.07
1233532,Ramona,Mendez,34,2,13,02/08/2009,7,25893.00,0.05
1233542,Allan,Cohen,35,1,42,24/08/2013,3,52941.00,0.07
1233552,Dianna,Vasquez,36,1,44,28/08/2010,6,52028.00,0.07
1233562,Gwendolyn,Parker,37,1,30,07/09/2010,6,30450.00,0.05
1233572,Rosie,Bridges,38,2,40,06/09/2009,7,43607.00,0.06
1233582,Gladys,Hardy,39,4,29,15/09/2012,4,18186.00,0.01
1233592,Katrina,Baker,40,1,46,16/09/2013,3,52805.00,0.07
1233602,Denise,Campbell,41,3,15,11/10/2015,1,39407.00,0.06
1233612,Jamie,Brooks,42,2,18,22/10/2010,6,36782.00,0.06
1233622,Ray,Stokes,43,4,37,08/10/2002,14,44783.00,0.06
1233632,Mai,Qualls,44,2,35,23/10/2003,13,82446.00,0.11
1233642,Mitchel,Boswell,45,3,32,26/10/2013,3,37926.00,0.06
1233652,Ronald,Hutson,46,1,9,18/11/2001,15,29022.00,0.05
1233662,Julieta,Clay,47,2,8,23/11/2007,9,75726.00,0.11
1233672,Micaela,Block,48,2,48,11/12/2014,2,37128.00,0.06
1233682,Mendy,Ragan,49,2,50,19/12/2009,7,65688.00,0.10
1233692,Audra,Toro,50,2,47,20/01/2012,5,37380.00,0.06
1233702,Bulah,London,32,1,43,30/12/2014,2,25788.00,0.05
1233712,Leonie,Rowland,43,1,7,05/01/2011,6,74025.00,0.10
1233722,Eugenie,Wild,34,2,39,01/01/2014,3,73668.00,0.10
1233732,Shondra,Wyman,22,2,24,07/01/2002,15,82026.00,0.11
1233742,Jacquiline,Proffitt,1,1,45,26/01/2011,6,46851.00,0.07
1233752,Rutha,Headley,2,1,49,23/02/2013,4,65751.00,0.10
1233762,Collette,Coronado,3,2,41,03/02/2014,3,37706.00,0.06
1233772,Keely,Mcfall,4,2,53,27/02/2012,5,40845.00,0.06
1233782,Serafina,Metz,5,2,27,22/03/2016,1,74519.00,0.10
1233792,Colby,Marvin,6,2,19,26/02/2011,6,84200.00,0.11
1233802,Christen,Link,7,2,26,08/03/2003,14,45833.00,0.07
1233812,Josie,Kozlowski,8,2,54,10/04/2002,15,95172.00,0.13
1233822,Babette,Crutcher,9,2,23,15/04/2014,3,49235.00,0.07
1233832,Adam,Bray,10,2,3,12/05/2016,1,53529.00,0.07
1233842,Naoma,Lo,11,3,56,13/05/2012,5,45644.00,0.07
1233852,Troy,Toledo,12,1,21,07/06/2016,1,93639.00,0.12
1233862,Fernanda,Coble,13,3,17,03/09/2011,5,103698.00,0.13
1233872,Gregorio,Merrick,14,1,12,20/09/2013,3,82226.00,0.11
1233882,Mirella,Goble,15,2,22,21/11/2014,2,102963.00,0.13
1233892,Sherice,Wilder,16,1,25,22/11/2003,13,80178.00,0.11
1233902,Devona,Adam,17,2,52,26/11/2004,12,52154.00,0.07
1233912,Waltraud,Britton,18,3,16,03/03/2006,11,59829.00,0.08
1233922,Hsiu,Goad,19,4,6,18/05/2007,10,98333.00,0.13
1233932,Warner,Faber,20,4,51,21/06/2003,14,71453.00,0.10
1233942,Eleonor,Rendon,21,2,2,07/07/2015,2,65720.00,0.10
1233952,Adrian,Harbin,22,2,31,25/07/2015,2,61152.00,0.08
1233962,Mao,Sykes,23,1,55,07/07/2010,7,85460.00,0.12
1233972,Louetta,Lange,24,2,38,21/07/2010,7,52553.00,0.07
1233982,Love,Saenz,25,1,1,18/07/2009,8,48689.00,0.07
1233992,Catherina,Askew,26,2,10,03/07/2001,16,90752.00,0.12
1234002,Khadijah,Fair,27,3,34,09/07/2001,16,56406.00,0.08
1234012,Marquita,Saxton,28,3,20,14/07/2002,15,25032.00,0.05
1234022,Jama,Sturgill,29,2,33,07/07/2003,14,88011.00,0.12
1234032,Riva,Freed,30,1,57,10/07/2006,11,70886.00,0.10
1234042,Hosea,Gold,31,2,5,22/07/2011,6,47429.00,0.07
1234052,Kandy,Laflamme,32,2,28,22/07/2011,6,101367.00,0.13
1234062,Angelika,Shaffer,33,2,11,13/07/2009,8,79370.00,0.11
1234072,Lashaun,Lord,34,4,13,02/07/2010,7,16653.00,0.01
1234082,Lia,Bloom,35,2,42,05/07/2011,6,68639.00,0.10
1234092,Tona,Dupree,36,1,44,06/07/2012,5,69353.00,0.10
1234102,Glenn,Harwell,37,1,30,14/07/2012,5,90699.00,0.12
1234112,Armida,Lemaster,38,2,40,22/07/2013,4,41118.00,0.06
1234122,Ladonna,Chacon,39,4,29,28/07/2014,2,32834.00,0.05
1234132,Delois,Rosenbaum,40,2,46,11/08/2015,1,69741.00,0.10
1234142,Youlanda,Mundy,41,4,15,31/07/2001,15,33705.00,0.05
1234152,Dahlia,Murdock,42,2,18,01/08/2001,15,40961.00,0.06
1234162,Thalia,Guevara,43,2,37,04/08/2002,14,94017.00,0.12
1234172,Kenyetta,Cavanaugh,44,1,35,24/08/2007,9,66318.00,0.10
1234182,Juliet,Varela,45,2,32,01/08/2014,2,50621.00,0.07
1234192,Kaci,Drummond,46,1,9,28/08/2010,6,74424.00,0.10
1234202,Sima,Workman,47,1,8,19/09/2010,6,91508.00,0.12
1234212,Glynda,Mcmillan,48,2,48,06/09/2011,5,28550.00,0.05
1234222,Porter,House,49,2,50,21/09/2010,6,28067.00,0.05
1234232,Audria,Archer,50,4,47,26/08/2009,7,25956.00,0.05
1234242,Berta,Schreiber,32,2,43,16/09/2009,7,84483.00,0.11
1234252,Libby,Morrell,43,2,7,25/09/2009,7,92096.00,0.12
1234262,Celeste,Jacques,34,1,39,10/09/2003,13,48332.00,0.07
1234272,Zula,Engle,22,3,24,14/09/2003,13,53960.00,0.07
1234282,Johna,Kemper,1,1,45,21/09/2004,12,79139.00,0.11
1234292,Taren,Willson,2,1,49,05/09/2005,11,60953.00,0.08
1234302,Avery,Chism,3,2,41,10/09/2005,11,72482.00,0.10
1234312,Lavelle,Overton,4,1,53,22/09/2007,9,45392.00,0.07
1234322,Beau,Treadwell,5,1,27,26/09/2011,5,72513.00,0.10
1234332,Inger,Burgos,6,2,19,26/08/2014,2,51125.00,0.07
1234342,Anthony,Michaels,7,2,26,22/10/2015,1,68051.00,0.10
1234352,Mitsue,Abell,8,2,54,23/10/2015,1,30251.00,0.05
1234362,Retha,Tennant,9,2,23,04/10/2010,6,26954.00,0.05
1234372,Coletta,Fanning,10,1,3,27/09/2011,5,73133.00,0.10
1234382,Mark,Barbee,11,2,56,26/09/2013,3,99635.00,0.13
1234392,Wanetta,Pape,12,1,21,25/10/2013,3,28203.00,0.05
1234402,Stacee,Mcgill,13,2,17,01/10/2009,7,37412.00,0.06
1234412,Arie,Harter,14,2,12,04/10/2009,7,51891.00,0.07
1234422,Jasmin,Hermann,15,3,22,14/10/2002,14,55661.00,0.08
1234432,Susanne,Glynn,16,2,25,18/10/2002,14,70844.00,0.10
1234442,Jeanelle,Calabrese,17,1,52,17/10/2003,13,66528.00,0.10
1234452,Meaghan,Burkholder,18,4,16,14/10/2006,10,10280.00,0.01
1234462,Burl,Loomis,19,2,6,27/09/2009,7,88463.00,0.12
1234472,Dorotha,Avery,20,2,51,09/10/2009,7,75915.00,0.11
1234482,Kanesha,Starr,21,2,2,20/10/2009,7,33989.00,0.05
1234492,Delma,Vann,22,1,31,12/10/2010,6,73752.00,0.10
1234502,Margy,Drew,23,1,55,03/10/2011,5,97220.00,0.13
1234512,Leilani,Hardesty,24,2,38,27/09/2013,3,40772.00,0.06
1234522,Hayden,Pritchett,25,2,1,26/09/2014,2,54800.00,0.07
1234532,Rebecka,Andres,26,4,10,22/11/2015,1,25809.00,0.05
1234542,Amada,Ratcliff,27,2,34,24/11/2011,5,93576.00,0.12
1234552,Bo,Estrella,28,2,20,28/10/2013,3,51135.00,0.07
1234562,Mikaela,Peacock,29,3,33,29/10/2013,3,53466.00,0.07
1234572,Maragret,Matos,30,2,57,08/11/2013,3,84840.00,0.11
1234582,Brant,Vanhorn,31,1,5,06/11/2001,15,88841.00,0.12
1234592,Wilford,Beatty,32,2,28,11/11/2001,15,103656.00,0.13
1234602,Arla,Mcclure,33,2,11,17/11/2001,15,64050.00,0.08
1234612,Lilliam,Gustafson,34,1,13,28/10/2002,14,29033.00,0.05
1234622,Hildegard,Coons,35,4,42,19/11/2002,14,10889.00,0.01
1234632,Cynthia,Peterson,36,2,44,12/11/2005,11,33464.00,0.05
1234642,Bonnie,Alexander,37,1,30,11/11/2014,2,65972.00,0.10
1234652,Ruby,Hughes,38,1,40,15/12/2015,1,37181.00,0.06
1234662,Clarence,Cox,39,1,29,24/12/2010,6,52868.00,0.07
1234672,William,Lee,40,2,46,03/12/2009,7,69626.00,0.10
1234682,Diane,Nelson,41,2,15,05/12/2009,7,70634.00,0.10
1234692,Carlos,Powell,42,1,18,21/12/2001,15,82835.00,0.11
1234702,Betty,Wilson,43,2,37,02/12/2002,14,79412.00,0.11
1234712,Samuel,Sanchez,44,2,35,16/12/2002,14,43617.00,0.06
1234722,Tina,Green,45,2,32,17/12/2003,13,27321.00,0.05
1234732,Louis,Bryant,46,1,9,23/12/2003,13,66717.00,0.10
1234742,Wanda,Perez,47,2,8,26/12/2003,13,44898.00,0.06
1234752,Gloria,Thomas,48,2,48,21/12/2004,12,76251.00,0.11
1234762,Daniel,Turner,49,2,50,24/12/2005,11,74078.00,0.10
1234772,Anthony,Morgan,50,2,47,04/12/2007,9,54684.00,0.07
1234782,Carl,Torres,32,1,43,30/11/2011,5,47292.00,0.07
1234792,Mildred,Miller,43,1,7,01/12/2009,7,68534.00,0.10
1234802,Deborah,Hernandez,34,2,39,03/12/2012,4,90290.00,0.12
1234812,Irene,Thompson,22,2,24,26/12/2010,6,94689.00,0.12
1234822,Dennis,Hill,1,3,45,07/01/2011,6,21830.00,0.01
1234832,Melissa,Johnson,2,4,49,09/01/2011,6,35133.00,0.06
1234842,Martha,Cooper,3,2,41,21/01/2012,5,39827.00,0.06
1234852,Earl,Morris,4,2,53,26/12/2010,6,72849.00,0.10
1234862,George,Young,5,4,27,31/12/2001,15,10290.00,0.01
1234872,Gerald,Long,6,1,19,10/01/2002,15,78845.00,0.11
1234882,Alan,Watson,7,2,26,14/01/2002,15,46599.00,0.07
1234892,Linda,Collins,8,1,54,15/01/2002,15,83769.00,0.11
1234902,Susan,Anderson,9,1,23,03/01/2003,14,31626.00,0.05
1234912,Timothy,Flores,10,3,3,13/01/2003,14,12789.00,0.01
1234922,Frances,Campbell,11,1,56,06/01/2004,13,103404.00,0.13
1234932,Gregory,Henderson,12,1,21,17/01/2004,13,52469.00,0.07
1234942,Sharon,Martinez,13,1,17,12/01/2007,10,87119.00,0.12
1234952,Mary,Evans,14,1,12,30/12/2011,5,45833.00,0.07
1234962,Juan,Diaz,15,1,22,08/01/2010,7,92789.00,0.12
1234972,Michelle,Walker,16,1,25,29/01/2016,1,57215.00,0.08
1234982,Rachel,Allen,17,2,52,27/01/2002,15,86772.00,0.12
1234992,Wayne,Washington,18,1,16,29/01/2002,15,52038.00,0.07
1235002,Janice,Rodriguez,19,2,6,12/02/2011,6,82047.00,0.11
1235012,Angela,Stewart,20,3,51,03/03/2012,5,17630.00,0.01
1235022,Ruth,Bailey,21,2,2,26/03/2011,6,77448.00,0.11
1235032,Kathleen,Ramirez,22,2,31,28/02/2014,3,45654.00,0.07
1235042,Douglas,Howard,23,2,55,19/03/2010,7,69416.00,0.10
1235052,Richard,Clark,24,2,38,27/03/2010,7,76734.00,0.11
1235062,Albert,Carter,25,4,1,26/03/2002,15,43449.00,0.06
1235072,Rebecca,Martin,26,2,10,07/03/2003,14,46274.00,0.07
1235082,Christopher,Taylor,27,3,34,16/03/2003,14,19950.00,0.01
1235092,Peter,Murphy,28,2,20,25/03/2003,14,41381.00,0.06
1235102,Ashley,Reed,29,2,33,07/03/2006,11,79790.00,0.11
1235112,Stephen,White,30,2,57,27/02/2007,10,62643.00,0.08
1235122,Nicholas,Hall,31,2,5,20/03/2011,6,53393.00,0.07
1235132,Adam,Price,32,2,28,02/03/2012,5,80073.00,0.11
1235142,Norma,Brooks,33,1,11,25/03/2014,3,102617.00,0.13
1235152,Phillip,Simmons,34,1,13,19/04/2011,6,40961.00,0.06
1235162,Keith,Scott,35,3,42,01/04/2014,3,53876.00,0.07
1235172,Mark,Barnes,36,1,44,07/04/2014,3,61152.00,0.08
1235182,Aaron,Davis,37,2,30,14/04/2014,3,52532.00,0.07
1235192,Nicole,Jones,38,1,40,18/04/2014,3,32645.00,0.05
1235202,Jonathan,Wright,39,2,29,19/04/2014,3,68523.00,0.10
1235212,Patricia,Bell,40,2,46,07/04/2010,7,80882.00,0.11
1235222,Louise,Garcia,41,2,15,12/04/2002,15,38367.00,0.06
1235232,Jeffrey,Ross,42,2,18,07/04/2003,14,77711.00,0.11
1235242,Donna,Bennett,43,1,37,18/04/2003,14,27510.00,0.05
1235252,Pamela,Williams,44,1,35,01/04/2007,10,74183.00,0.10
1235262,Sandra,Lewis,45,1,32,25/04/2008,9,82971.00,0.11
1235272,Kelly,Parker,46,4,9,22/04/2012,5,12212.00,0.01
1235282,Johnny,Edwards,47,1,8,15/04/2014,3,43712.00,0.06
1235292,Scott,Foster,48,2,48,14/05/2011,6,44982.00,0.06
1235302,Laura,Kelly,49,2,50,18/05/2011,6,84399.00,0.11
1235312,Joyce,Rivera,50,1,47,07/05/2014,3,76251.00,0.11
1235322,Tammy,Wood,32,2,43,29/04/2002,15,101924.00,0.13
1235332,Harold,Perry,43,2,7,20/05/2002,15,26177.00,0.05
1235342,Sarah,Cook,34,2,39,08/05/2007,10,35721.00,0.06
1235352,Jane,Gray,22,2,24,15/05/2007,10,86835.00,0.12
1235362,Howard,Coleman,1,1,45,27/05/2008,9,43869.00,0.06
1235372,Donald,Jackson,2,2,49,27/05/2008,9,81732.00,0.11
1235382,Larry,Smith,3,2,41,05/05/2012,5,70529.00,0.10
1235392,Elizabeth,Lopez,4,2,53,01/05/2011,6,82572.00,0.11
1235402,Willie,Jenkins,5,1,27,30/05/2012,5,93198.00,0.12
1235412,Joseph,Russell,6,3,19,05/06/2003,14,48069.00,0.07
1235422,Marie,Rogers,7,2,26,31/05/2005,12,29243.00,0.05
1235432,Benjamin,Gonzales,8,3,54,26/06/2006,11,28256.00,0.05
1235442,Kenneth,Adams,9,2,23,24/06/2013,4,40068.00,0.06
1235452,Lisa,Brown,10,1,3,19/10/2013,3,71484.00,0.10
1235462,Eugene,Ward,11,2,56,25/11/2005,11,68313.00,0.10
1235472,David,Mitchell,12,2,21,09/11/2013,3,31479.00,0.05
1235482,Amanda,Robinson,13,2,17,11/02/2016,1,45234.00,0.07
1235492,Christina,James,14,1,12,22/02/2004,13,86048.00,0.12
1235502,Roy,Roberts,15,2,22,08/05/2007,10,62223.00,0.08
1235512,Lillian,Baker,16,2,25,14/05/2010,7,82467.00,0.11
1235522,Beverly,Sanders,17,2,52,06/07/2014,3,72471.00,0.10
1235532,Judith,Butler,18,2,16,30/06/2015,2,100632.00,0.13
1235542,Judy,Richardson,19,3,6,07/07/2011,6,36110.00,0.06
1235552,Joshua,Moore,20,3,51,13/07/2010,7,55104.00,0.08
1235562,Frank,Phillips,21,2,2,28/07/2013,3,52280.00,0.07
1235572,Eric,Patterson,22,1,31,29/07/2002,14,55010.00,0.08
1235582,Helen,Gonzalez,23,1,55,05/08/2002,14,36120.00,0.06
1235592,Amy,Griffin,24,2,38,15/08/2004,12,56585.00,0.08
1235602,Phyllis,Harris,25,3,1,24/08/2012,4,44562.00,0.06
1235612,Carolyn,King,26,2,10,02/09/2014,2,42557.00,0.06
1235622,Margy,Reese,27,3,34,16/09/2014,2,15120.00,0.01
1235632,Leilani,Reeves,28,2,20,31/08/2010,6,52185.00,0.07
1235642,Hayden,Wong,29,1,33,20/09/2010,6,33495.00,0.05
1235652,Rebecka,Cook,30,1,57,23/09/2009,7,62223.00,0.08
1235662,Amada,Schultz,31,2,5,27/08/2001,15,100296.00,0.13
1235672,Bo,Butler,32,2,28,28/08/2001,15,94847.00,0.12
1235682,Mikaela,Cummings,33,2,11,10/09/2010,6,54999.00,0.07
1235692,Maragret,Peterson,34,2,13,27/09/2015,1,69951.00,0.10
1235702,Brant,Cunningham,35,3,42,04/10/2015,1,42767.00,0.06
1235712,Wilford,Bates,36,2,44,03/10/2010,6,99960.00,0.13
1235722,Arla,Gilbert,37,2,30,22/10/2009,7,94301.00,0.12
1235732,Lilliam,Nichols,38,2,40,11/11/2002,14,53172.00,0.07
1235742,Hildegard,Brock,39,2,29,11/11/2003,13,60627.00,0.08
1235752,Cynthia,Figueroa,40,1,46,19/11/2011,5,66444.00,0.10
1235762,Bonnie,Ramirez,41,2,15,13/12/2014,2,26450.00,0.05
1235772,Ruby,Logan,42,2,18,06/12/2015,1,85397.00,0.12
1235782,Clarence,Carson,43,2,37,20/12/2010,6,77301.00,0.11
1235792,William,White,44,3,35,29/11/2013,3,81407.00,0.11
1235802,Diane,Palmer,45,1,32,22/12/2003,13,57981.00,0.08
1235812,Carlos,Sandoval,46,3,9,17/12/2013,3,23153.00,0.01
1235822,Betty,Salazar,47,2,8,21/01/2011,6,75369.00,0.11
1235832,Samuel,Lewis,48,1,48,02/01/2014,3,56364.00,0.08
1235842,Tina,Watkins,49,3,50,24/01/2003,14,30944.00,0.05
1235852,Louis,Riley,50,1,47,14/01/2011,6,86016.00,0.12
1235862,Wanda,Soto,32,2,43,27/12/2013,3,87528.00,0.12
1235872,Gloria,Hunt,43,4,7,30/01/2014,3,66486.00,0.10
1235882,Daniel,Daniel,34,2,39,14/02/2003,14,59388.00,0.08
1235892,Anthony,Reed,22,3,24,02/03/2011,6,94637.00,0.12
1235902,Carl,Barker,1,3,45,06/03/2010,7,73752.00,0.10
1235912,Mildred,Lyons,2,1,49,01/03/2005,12,35942.00,0.06
1235922,Deborah,Morton,3,1,41,04/03/2005,12,18386.00,0.01
1235932,Irene,Holloway,4,2,53,24/03/2013,4,50999.00,0.07
1235942,Dennis,Mcbride,5,2,27,23/03/2014,3,39239.00,0.06
1235952,Melissa,Hill,6,3,19,22/04/2002,15,55314.00,0.08
1235962,Martha,Lowe,7,2,26,19/04/2003,14,50201.00,0.07
1235972,Earl,Nunez,8,2,54,26/04/2003,14,51083.00,0.07
1235982,George,Hubbard,9,3,23,29/03/2005,12,54632.00,0.07
1235992,Gerald,Graham,10,2,3,14/05/2002,15,57488.00,0.08
1236002,Alan,Ball,11,3,56,19/05/2002,15,33359.00,0.05
1236012,Linda,Pope,12,2,21,12/06/2002,15,36110.00,0.06
1236022,Susan,Bowers,13,1,17,08/06/2010,7,90017.00,0.12
1236032,Timothy,Gomez,14,2,12,11/07/2015,2,45182.00,0.07
1236042,Frances,Cannon,15,1,22,14/07/2009,8,62591.00,0.08
1236052,Gregory,Carroll,16,2,25,12/07/2002,15,27174.00,0.05
1236062,Sharon,Mcguire,17,2,52,04/07/2004,13,82961.00,0.11
1236072,Mary,French,18,2,16,23/08/2013,3,26408.00,0.05
1236082,Juan,Collins,19,2,6,08/08/2003,13,52500.00,0.07
1236092,Michelle,Vargas,20,3,51,20/09/2013,3,57068.00,0.08
1236102,Rachel,Fields,21,2,2,12/11/2015,1,56081.00,0.08
1236112,Wayne,Andrews,22,3,31,10/12/2001,15,23678.00,0.01
1236122,Janice,Rodgers,23,1,55,29/11/2013,3,85502.00,0.12
1236132,Angela,Maxwell,24,1,38,26/12/2006,10,90206.00,0.12
1236142,Ruth,Alexander,25,4,1,19/01/2007,10,12758.00,0.01
1236152,Kathleen,Hanson,26,1,10,07/01/2014,3,86741.00,0.12
1236162,Douglas,Curry,27,1,34,06/03/2002,15,83717.00,0.11
1236172,Richard,Rogers,28,2,20,23/04/2016,1,101619.00,0.13
1236182,Albert,Coleman,29,1,33,17/04/2010,7,99876.00,0.13
1236192,Rebecca,Knight,30,4,57,12/04/2002,15,25032.00,0.05
1236202,Christopher,Hall,31,4,5,09/05/2014,3,40793.00,0.06
1236212,Peter,Estrada,32,2,28,29/04/2003,14,79023.00,0.11
1236222,Ashley,Lawson,33,1,11,07/06/2005,12,34125.00,0.05
1236232,Stephen,Dawson,34,2,13,17/06/2014,3,71820.00,0.10
1236242,Nicholas,Dixon,35,2,42,18/07/2009,8,29022.00,0.05
1236252,Adam,Adkins,36,1,44,10/09/2011,5,82814.00,0.11
1236262,Norma,Gonzalez,37,2,30,20/10/2010,6,72986.00,0.10
1236272,Phillip,Floyd,38,1,40,11/11/2009,7,51776.00,0.07
1236282,Keith,Stone,39,2,29,14/07/2015,2,49886.00,0.07
1236292,Mark,Mitchell,40,2,46,30/06/2010,7,100527.00,0.13
1236302,Aaron,Jackson,41,4,15,30/07/2015,1,30450.00,0.05
1236312,Nicole,Gutierrez,42,2,18,05/08/2015,1,92138.00,0.12
1236322,Jonathan,Abbott,43,2,37,04/08/2010,6,102627.00,0.13
1236332,Patricia,Patterson,44,3,35,07/08/2010,6,89912.00,0.12
1236342,Louise,Nelson,45,2,32,03/09/2013,3,72860.00,0.10
1236352,Jeffrey,Hernandez,46,4,9,25/09/2006,10,25011.00,0.05
1236362,Donna,Mcdaniel,47,3,8,25/09/2009,7,54359.00,0.07
1236372,Pamela,Wagner,48,1,48,12/09/2014,2,97367.00,0.13
1236382,Sandra,Green,49,2,50,13/10/2001,15,79149.00,0.11
1236392,Kelly,Long,50,1,47,03/10/2003,13,34997.00,0.05
1236402,Johnny,Reynolds,32,3,43,16/11/2010,6,84357.00,0.11
1236412,Scott,Erickson,43,1,7,31/10/2001,15,73154.00,0.10
1236422,Laura,Goodwin,34,1,39,13/12/2011,5,77060.00,0.11
1236432,Joyce,Delgado,22,2,24,18/12/2001,15,86090.00,0.12
1236442,Tammy,Leonard,1,1,45,13/12/2002,14,45938.00,0.07
1236452,Harold,Zimmerman,2,3,49,14/12/2003,13,33506.00,0.05
1236462,Sarah,Watts,3,1,41,02/12/2007,9,38714.00,0.06
1236472,Jane,Mendez,4,1,53,21/01/2016,1,37716.00,0.06
1236482,Howard,Cohen,5,2,27,15/01/2011,6,29841.00,0.05
1236492,Donald,Vasquez,6,1,19,12/01/2010,7,31836.00,0.05
1236502,Larry,Parker,7,2,26,23/01/2012,5,93419.00,0.12
1236512,Elizabeth,Bridges,8,2,54,05/01/2014,3,77207.00,0.11
1236522,Willie,Hardy,9,2,23,01/02/2015,2,71001.00,0.10
1236532,Joseph,Baker,10,3,3,27/01/2006,11,39060.00,0.06
1236542,Marie,Campbell,11,2,56,23/02/2008,9,99561.00,0.13
1236552,Benjamin,Brooks,12,3,21,30/01/2011,6,55167.00,0.08
1236562,Kenneth,Stokes,13,2,17,13/02/2012,5,92505.00,0.12
1236572,Lisa,Qualls,14,3,12,28/01/2014,3,19551.00,0.01
1236582,Eugene,Boswell,15,4,22,07/02/2014,3,17399.00,0.01
1236592,David,Hutson,16,3,25,18/03/2015,2,40478.00,0.06
1236602,Amanda,Clay,17,2,52,28/03/2016,1,87056.00,0.12
1236612,Christina,Block,18,2,16,31/03/2016,1,54191.00,0.07
1236622,Roy,Ragan,19,3,6,06/04/2012,5,15519.00,0.01
1236632,Lillian,Toro,20,2,51,28/03/2014,3,50148.00,0.07
1236642,Beverly,London,21,4,2,28/03/2014,3,10605.00,0.01
1236652,Judith,Rowland,22,1,31,13/04/2014,3,45560.00,0.07
1236662,Judy,Wild,23,2,55,17/05/2016,1,78561.00,0.11
1236672,Joshua,Wyman,24,2,38,07/05/2014,3,77658.00,0.11
1236682,Frank,Proffitt,25,2,1,15/05/2011,6,58895.00,0.08
1236692,Eric,Headley,26,2,10,02/06/2015,2,50337.00,0.07
1236702,Helen,Coronado,27,2,34,09/06/2014,3,90038.00,0.12
1236712,Amy,Mcfall,28,1,20,28/05/2012,5,62370.00,0.08
1236722,Phyllis,Metz,29,2,33,05/07/2014,3,82856.00,0.11
1236732,Carolyn,Marvin,30,2,57,08/08/2014,2,101588.00,0.13
1236742,Laila,Link,31,1,5,14/08/2014,2,56679.00,0.08
1236752,Alden,Kozlowski,32,2,28,17/09/2014,2,40803.00,0.06
1236762,Dona,Crutcher,33,3,11,16/10/2014,2,18501.00,0.01
1236772,Leland,Bray,34,2,13,15/01/2015,2,80157.00,0.11
1236782,Ariane,Lo,35,3,42,22/02/2012,5,28665.00,0.05
1236792,Regine,Toledo,36,2,44,23/02/2012,5,37653.00,0.06
1236802,Vincenza,Coble,37,2,30,04/02/2015,2,89775.00,0.12
1236812,Maegan,Merrick,38,3,40,08/04/2012,5,38388.00,0.06
1236822,Erma,Goble,39,3,29,10/04/2012,5,45770.00,0.07
1236832,Laura,Wilder,40,3,46,29/03/2015,2,51471.00,0.07
1236842,Giuseppina,Adam,41,1,15,21/04/2015,2,94175.00,0.12
1236852,Kerstin,Britton,42,2,18,29/04/2012,5,49802.00,0.07
1236862,Sonny,Goad,43,2,37,06/05/2012,5,47292.00,0.07
1236872,Teena,Faber,44,2,35,12/06/2015,2,51545.00,0.07
1236882,Lanie,Rendon,45,1,32,24/07/2010,7,38262.00,0.06
1236892,Sherril,Harbin,46,2,9,27/07/2013,3,70634.00,0.10
1236902,Neva,Sykes,47,2,8,23/07/2001,16,26418.00,0.05
1236912,Catrice,Lange,48,3,48,28/07/2001,15,36047.00,0.06
1236922,Rodrick,Saenz,49,2,50,08/07/2003,14,72072.00,0.10
1236932,Lionel,Askew,50,3,47,03/07/2009,8,12285.00,0.01
1236942,Qiana,Fair,32,1,43,01/08/2015,1,54968.00,0.07
1236952,Erik,Saxton,43,1,7,21/08/2015,1,69941.00,0.10
1236962,Laci,Sturgill,34,2,39,01/08/2002,14,53550.00,0.07
1236972,Thomasina,Freed,22,3,24,23/08/2002,14,25967.00,0.05
1236982,Rosena,Gold,1,2,45,17/08/2012,4,74298.00,0.10
1236992,Alesha,Laflamme,2,3,49,03/09/2015,1,53571.00,0.07
1237002,Kyoko,Shaffer,3,1,41,16/09/2013,3,84536.00,0.11
1237012,Shelley,Lord,4,3,53,21/09/2013,3,34377.00,0.05
1237022,Alyson,Bloom,5,2,27,15/09/2006,10,27216.00,0.05
1237032,Al,Dupree,6,2,19,07/09/2011,5,70844.00,0.10
1237042,Cecil,Harwell,7,3,26,08/09/2009,7,72408.00,0.10
1237052,Hilaria,Lemaster,8,2,54,21/09/2012,4,28634.00,0.05
1237062,Howard,Chacon,9,3,23,11/09/2013,3,56249.00,0.08
1237072,Jacqualine,Rosenbaum,10,2,3,16/09/2014,2,99908.00,0.13
1237082,Lizzette,Mundy,11,3,56,27/09/2010,6,26943.00,0.05
1237092,Simone,Murdock,12,3,21,29/09/2010,6,12359.00,0.01
1237102,Lang,Guevara,13,4,17,09/10/2013,3,83906.00,0.11
1237112,Art,Cavanaugh,14,3,12,03/10/2009,7,73080.00,0.10
1237122,Stanton,Varela,15,1,22,16/10/2009,7,57215.00,0.08
1237132,Daysi,Drummond,16,3,25,20/10/2013,3,13650.00,0.01
1237142,Loni,Workman,17,2,52,28/10/2014,2,27825.00,0.05
1237152,Tess,Mcmillan,18,3,16,19/11/2011,5,65436.00,0.10
1237162,Fredericka,House,19,2,6,28/10/2001,15,85176.00,0.12
1237172,Dusti,Archer,20,4,51,25/11/2001,15,16559.00,0.01
1237182,Naomi,Schreiber,21,3,2,11/11/2002,14,66980.00,0.10
1237192,Letitia,Morrell,22,2,31,22/11/2003,13,55829.00,0.08
1237202,Effie,Jacques,23,1,55,22/11/2005,11,69384.00,0.10
1237212,Elina,Engle,24,4,38,09/11/2010,6,85281.00,0.12
1237222,Jere,Kemper,25,1,1,08/12/2014,2,91686.00,0.12
1237232,Ringo,Willson,26,2,10,24/12/2010,6,73280.00,0.10
1237242,Alonzo,Chism,27,2,34,28/11/2013,3,54684.00,0.07
1237252,Candice,Overton,28,3,20,07/12/2001,15,70949.00,0.10
1237262,Jacquelyn,Treadwell,29,4,33,24/12/2002,14,42756.00,0.06
1237272,Jeffery,Burgos,30,2,57,13/01/2011,6,80189.00,0.11
1237282,Glynis,Michaels,31,2,5,30/12/2009,7,39344.00,0.06
1237292,Benny,Abell,32,2,28,08/01/2002,15,42609.00,0.06
1237302,Orlando,Tennant,33,3,11,31/12/2007,9,38000.00,0.06
1237312,Joel,Fanning,34,2,13,08/02/2012,5,55535.00,0.08
1237322,Stella,Barbee,35,2,42,04/02/2015,2,89796.00,0.12
1237332,Helen,Pape,36,3,44,29/01/2011,6,88788.00,0.12
1237342,Marcus,Mcgill,37,2,30,03/02/2014,3,83969.00,0.11
1237352,Gloria,Harter,38,1,40,18/02/2014,3,69384.00,0.10
1237362,Randall,Hermann,39,3,29,15/02/2002,15,19278.00,0.01
1237372,Clarina,Glynn,40,1,46,28/01/2003,14,82352.00,0.11
1237382,Chiara,Calabrese,41,4,15,02/02/2003,14,41643.00,0.06
1237392,Joria,Burkholder,42,3,18,15/02/2003,14,76136.00,0.11
1237402,Masa,Loomis,43,2,37,09/02/2007,10,88841.00,0.12
1237412,Dema,Avery,44,1,35,08/02/2014,3,45686.00,0.07
1237422,Demi,Starr,45,4,32,14/02/2014,3,66623.00,0.10
1237432,Dasa,Vann,46,3,9,25/02/2014,3,57015.00,0.08
1237442,Lucai,Drew,47,2,8,09/03/2012,5,53267.00,0.07
1237452,Luciana,Hardesty,48,2,48,26/03/2015,2,62948.00,0.08
1237462,Roger,Pritchett,49,3,50,07/03/2011,6,72408.00,0.10
1237472,Berger,Andres,50,2,47,17/03/2010,7,28119.00,0.05
1237482,Burgui,Ratcliff,32,1,43,23/03/2010,7,41853.00,0.06
1237492,Geraldo,Estrella,43,1,7,15/03/2004,13,103541.00,0.13
1237502,Maffs,Peacock,34,2,39,01/03/2005,12,33653.00,0.05
1237512,Borea,Matos,22,1,24,24/03/2006,11,71127.00,0.10
1237522,Micheline,Vanhorn,1,2,45,14/03/2014,3,68324.00,0.10
1237532,Batato,Beatty,2,1,49,17/04/2012,5,26597.00,0.05
1237542,Abigail,Abraham,3,1,41,31/03/2015,2,60932.00,0.08
1237552,Alexandra,Allan,4,2,53,11/04/2015,2,91707.00,0.12
1237562,Alison,Alsop,5,2,27,13/04/2011,6,58412.00,0.08
1237572,Amanda,Anderson,6,2,19,12/04/2002,15,52847.00,0.07
1237582,Amelia,Arnold,7,1,26,14/04/2002,15,54894.00,0.07
1237592,Amy,Avery,8,2,54,16/04/2002,15,63042.00,0.08
1237602,Andrea,Bailey,9,2,23,03/04/2011,6,48542.00,0.07
1237612,Angela,Baker,10,3,3,03/04/2012,5,52637.00,0.07
1237622,Anna,Ball,11,2,56,22/04/2014,3,73007.00,0.10
1237632,Anne,Bell,12,3,21,17/05/2012,5,99309.00,0.13
1237642,Audrey,Berry,36,2,4,05/05/2006,11,52091.00,0.07
1237652,Ava,Black,14,2,12,23/05/2010,7,76094.00,0.11
1237662,Bella,Blake,15,2,22,17/05/2013,4,62591.00,0.08
1237672,Bernadette,Bond,16,3,25,23/06/2012,5,67746.00,0.10
1237682,Carol,Bower,17,2,52,28/05/2015,2,82793.00,0.11
1237692,Caroline,Brown,18,1,16,02/06/2015,2,58727.00,0.08
1237702,Carolyn,Buckland,36,1,4,07/06/2016,1,51660.00,0.07
1237712,Chloe,Burgess,20,2,51,21/06/2012,5,102596.00,0.13
1237722,Claire,Butler,21,2,2,03/06/2002,15,51975.00,0.07
1237732,Deirdre,Cameron,22,3,31,20/06/2005,12,14490.00,0.01
1237742,Diana,Campbell,23,2,55,26/06/2011,6,51576.00,0.07
1237752,Diane,Carr,24,4,38,15/06/2013,4,29159.00,0.05
1237762,Donna,Chapman,25,4,1,15/07/2014,3,35196.00,0.06
1237772,Dorothy,Churchill,26,2,10,28/07/2014,2,28697.00,0.05
1237782,Elizabeth,Clark,36,2,4,28/06/2015,2,63336.00,0.08
1237792,Ella,Clarkson,28,4,20,08/07/2011,6,42494.00,0.06
1237802,Emily,Coleman,29,3,33,18/07/2009,8,72734.00,0.10
1237812,Emma,Cornish,30,1,57,08/07/2001,16,99446.00,0.13
1237822,Faith,Davidson,31,2,5,28/06/2003,14,33800.00,0.05
1237832,Felicity,Davies,32,3,28,03/07/2003,14,24245.00,0.01
1237842,Fiona,Dickens,33,2,11,01/07/2006,11,95277.00,0.13
1237852,Gabrielle,Dowd,34,2,13,28/06/2011,6,96695.00,0.13
1237862,Grace,Duncan,35,2,42,29/06/2012,5,83234.00,0.11
1237872,Hannah,Dyer,36,1,44,10/08/2014,2,103320.00,0.13
1237882,Heather,Edmunds,36,1,4,07/08/2010,6,62685.00,0.08
1237892,Irene,Ellison,38,2,40,18/08/2010,6,52112.00,0.07
1237902,Jan,Ferguson,39,2,29,25/08/2010,6,77186.00,0.11
1237912,Jane,Fisher,40,2,46,21/08/2010,6,45045.00,0.07
1237922,Jasmine,Forsyth,41,3,15,13/08/2001,15,45665.00,0.07
1237932,Jennifer,Fraser,42,3,18,02/08/2002,14,40404.00,0.06
1237942,Jessica,Gibson,43,1,37,20/08/2002,14,61583.00,0.08
1237952,Joan,Gill,32,4,14,29/07/2003,13,17966.00,0.01
1237962,Joanne,Glover,45,1,32,07/08/2007,9,74603.00,0.10
1237972,Julia,Graham,46,2,9,04/08/2014,2,92705.00,0.12
1237982,Karen,Grant,47,2,8,17/09/2015,1,75737.00,0.11
1237992,Katherine,Gray,48,2,48,02/09/2009,7,90920.00,0.12
1238002,Kimberly,Greene,49,4,50,01/09/2001,15,14826.00,0.01
1238012,Kylie,Hamilton,50,4,47,09/09/2001,15,20696.00,0.01
1238022,Lauren,Hardacre,10,2,36,20/09/2002,14,67473.00,0.10
1238032,Leah,Harris,43,1,7,11/09/2009,7,99257.00,0.13
1238042,Lillian,Hart,34,2,39,06/09/2010,6,50358.00,0.07
1238052,Lily,Hemmings,22,2,24,13/10/2015,1,79086.00,0.11
1238062,Lisa,Henderson,1,2,45,06/10/2010,6,95519.00,0.13
1238072,Madeleine,Hill,2,2,49,06/10/2001,15,81176.00,0.11
1238082,Maria,Hodges,3,1,41,22/10/2003,13,89817.00,0.12
1238092,Mary,Howard,10,1,36,13/11/2009,7,43628.00,0.06
1238102,Megan,Hudson,5,2,27,04/11/2002,14,45045.00,0.07
1238112,Melanie,Hughes,6,2,19,26/11/2002,14,79926.00,0.11
1238122,Michelle,Hunter,7,3,26,28/11/2006,10,32949.00,0.05
1238132,Molly,Ince,8,2,54,16/12/2006,10,33747.00,0.05
1238142,Natalie,Jackson,9,1,23,16/12/2013,3,24927.00,0.01
1238152,Nicola,James,10,1,3,27/12/2014,2,53886.00,0.07
1238162,Olivia,Johnston,10,2,36,04/01/2011,6,62601.00,0.08
1238172,Penelope,Jones,12,3,21,24/01/2011,6,30597.00,0.05
1238182,Pippa,Kelly,13,2,17,13/01/2003,14,77417.00,0.11
1238192,Rachel,Kerr,14,1,12,04/01/2005,12,54033.00,0.07
1238202,Rebecca,King,15,3,22,07/01/2007,10,56301.00,0.08
1238212,Rose,Knox,16,2,25,29/12/2009,7,84966.00,0.11
1238222,Ruth,Lambert,17,4,52,29/01/2015,2,78456.00,0.11
1238232,Sally,Langdon,32,2,14,30/01/2002,15,91193.00,0.12
1238242,Samantha,Lawrence,19,2,6,02/03/2016,1,99614.00,0.13
1238252,Sarah,Lee,20,3,51,12/03/2010,7,49371.00,0.07
1238262,Sonia,Lewis,21,1,2,28/02/2003,14,70224.00,0.10
1238272,Sophie,Lyman,22,2,31,01/03/2003,14,52994.00,0.07
1238282,Stephanie,MacDonald,23,3,55,17/03/2003,14,54695.00,0.07
1238292,Sue,Mackay,24,2,38,04/03/2008,9,36866.00,0.06
1238302,Theresa,Mackenzie,32,1,14,26/03/2012,5,50043.00,0.07
1238312,Tracey,MacLeod,26,2,10,19/03/2013,4,26786.00,0.05
1238322,Una,Manning,27,3,34,09/04/2016,1,29904.00,0.05
1238332,Vanessa,Marshall,28,4,20,14/04/2014,3,72807.00,0.10
1238342,Victoria,Martin,29,2,33,08/04/2010,7,37107.00,0.06
1238352,Virginia,Mathis,30,1,57,29/03/2002,15,68208.00,0.10
1238362,Wanda,May,49,2,50,06/04/2002,15,91959.00,0.12
1238372,Wendy,McDonald,32,2,28,09/04/2002,15,77858.00,0.11
1238382,Yvonne,McLean,33,2,11,20/04/2012,5,33884.00,0.05
1238392,Zoe,McGrath,34,1,13,03/05/2015,2,72828.00,0.10
1238402,Adam,Metcalfe,35,1,42,03/05/2016,1,64323.00,0.08
1238412,Adrian,Miller,36,2,44,09/05/2011,6,56007.00,0.08
1238422,Alan,Mills,37,2,30,01/05/2014,3,76745.00,0.11
1238432,Alexander,Mitchell,49,1,50,12/05/2003,14,63347.00,0.08
1238442,Andrew,Morgan,39,2,29,11/06/2012,5,62255.00,0.08
1238452,Anthony,Morrison,40,1,46,28/05/2011,6,27374.00,0.05
1238462,Austin,Murray,41,4,15,30/05/2014,3,38703.00,0.06
1238472,Benjamin,Nash,42,2,18,05/06/2014,3,39659.00,0.06
1238482,Blake,Newman,43,2,37,16/06/2003,14,55734.00,0.08
1238492,Boris,Nolan,44,1,35,02/07/2010,7,81029.00,0.11
1238502,Brandon,North,45,1,32,05/07/2010,7,73101.00,0.10
1238512,Brian,Ogden,39,2,29,06/07/2010,7,53613.00,0.07
1238522,Cameron,Oliver,47,1,8,21/07/2010,7,74225.00,0.10
1238532,Carl,Paige,48,1,48,28/07/2001,15,52017.00,0.07
1238542,Charles,Parr,49,2,50,21/07/2003,14,40961.00,0.06
1238552,Christian,Parsons,50,3,47,24/07/2004,13,19877.00,0.01
1238562,Christopher,Paterson,32,1,43,17/07/2014,3,64124.00,0.08
1238572,Colin,Payne,32,4,43,22/07/2014,3,53582.00,0.07
1238582,Connor,Peake,34,2,39,07/08/2014,2,27951.00,0.05
1238592,Dan,Peters,22,3,24,02/08/2010,6,23195.00,0.01
1238602,David,Piper,1,3,45,02/08/2009,7,43502.00,0.06
1238612,Dominic,Poole,2,1,49,30/07/2002,14,67284.00,0.10
1238622,Dylan,Powell,3,1,41,23/08/2013,3,93251.00,0.12
1238632,Edward,Pullman,32,3,43,13/09/2015,1,53771.00,0.07
1238642,Eric,Quinn,5,3,27,08/09/2010,6,32015.00,0.05
1238652,Evan,Rampling,6,2,19,07/09/2013,3,38798.00,0.06
1238662,Frank,Randall,7,3,26,23/09/2009,7,15813.00,0.01
1238672,Gavin,Rees,8,2,54,18/09/2002,14,89723.00,0.12
1238682,Gordon,Reid,9,1,23,31/08/2004,12,57677.00,0.08
1238692,Harry,Roberts,32,2,43,11/09/2004,12,72839.00,0.10
1238702,Ian,Robertson,11,1,56,22/09/2011,5,37979.00,0.06
1238712,Isaac,Ross,12,2,21,24/09/2010,6,29673.00,0.05
1238722,Jack,Russell,13,3,17,23/09/2011,5,56690.00,0.08
1238732,Jacob,Rutherford,14,2,12,27/09/2011,5,85302.00,0.12
1238742,Jake,Sanderson,15,2,22,29/09/2003,13,83129.00,0.11
1238752,James,Scott,16,2,25,23/10/2004,12,90920.00,0.12
1238762,Jason,Sharp,32,2,14,29/09/2014,2,100076.00,0.13
1238772,Joe,Short,18,1,16,30/09/2014,2,49655.00,0.07
1238782,John,Simpson,19,4,6,31/10/2010,6,31122.00,0.05
1238792,Jonathan,Skinner,20,4,51,20/11/2009,7,33233.00,0.05
1238802,Joseph,Slater,21,2,2,21/11/2003,13,75453.00,0.11
1238812,Joshua,Smith,22,2,31,11/11/2014,2,26607.00,0.05
1238822,Julian,Springer,23,2,55,11/11/2014,2,46505.00,0.07
1238832,Justin,Stewart,24,3,38,27/11/2014,2,15551.00,0.01
1238842,Keith,Sutherland,25,1,1,07/12/2014,2,40058.00,0.06
1238852,Kevin,Taylor,26,1,10,19/12/2014,2,30062.00,0.05
1238862,Leonard,Terry,30,1,57,01/12/2010,6,87266.00,0.12
1238872,Liam,Thomson,28,1,20,10/12/2010,6,90773.00,0.12
1238882,Lucas,Tucker,30,3,57,15/12/2010,6,12978.00,0.01
1238892,Luke,Turner,30,2,57,14/12/2002,14,71442.00,0.10
1238902,Matt,Underwood,32,1,43,18/12/2004,12,89093.00,0.12
1238912,Max,Vance,30,2,57,29/11/2011,5,91686.00,0.12
1238922,Michael,Vaughan,33,1,11,30/11/2013,3,54611.00,0.07
1238932,Nathan,Walker,32,1,14,30/12/2015,1,68303.00,0.10
1238942,Neil,Wallace,35,2,42,16/01/2016,1,72513.00,0.10
1238952,Nicholas,Walsh,36,3,44,29/12/2010,6,57225.00,0.08
1238962,Oliver,Watson,32,1,14,03/01/2011,6,40709.00,0.06
1238972,Owen,Welch,38,1,40,14/01/2012,5,52101.00,0.07
1238982,Paul,White,39,4,29,26/12/2013,3,38987.00,0.06
1238992,Peter,Wilkins,40,2,46,24/01/2014,3,67421.00,0.10
1239002,Phil,Wilson,41,2,15,10/01/2010,7,47796.00,0.07
1239012,Piers,Wright,42,3,18,18/01/2003,14,22901.00,0.01
1239022,Richard,Young,32,1,43,21/01/2005,12,32655.00,0.05
1239032,Robert,Block,44,1,35,10/01/2006,11,56700.00,0.08
1239042,Ryan,Ragan,45,2,32,02/01/2007,10,55461.00,0.08
1239052,Sam,Toro,46,2,9,14/01/2011,6,28854.00,0.05
1239062,Sean,London,47,2,8,18/01/2013,4,40415.00,0.06
1239072,Sebastian,Rowland,48,1,48,30/01/2016,1,81197.00,0.11
1239082,Simon,Wild,30,1,57,28/01/2014,3,48248.00,0.07
1239092,Stephen,Wyman,50,3,47,14/02/2014,3,44016.00,0.06
1239102,Steven,Proffitt,32,2,43,24/02/2014,3,36603.00,0.06
1239112,Stewart,Headley,43,2,7,12/02/2002,15,74466.00,0.10
1239122,Thomas,Coronado,34,2,39,21/02/2006,11,69647.00,0.10
1239132,Tim,Mcfall,22,2,24,14/02/2012,5,26366.00,0.05
1239142,Trevor,Metz,1,1,45,25/03/2012,5,26964.00,0.05
1239152,Victor,Marvin,32,1,14,11/03/2015,2,72167.00,0.10
1239162,Warren,Link,3,1,41,22/03/2015,2,70613.00,0.10
1239172,William,Kozlowski,4,3,53,15/03/2011,6,26565.00,0.05
1239182,Helen,Crutcher,5,1,27,27/03/2014,3,101451.00,0.13
1239192,Marcus,Bray,6,3,19,12/03/2002,15,53256.00,0.07
1239202,Gloria,Lo,7,1,26,04/03/2005,12,29495.00,0.05
1239212,Randall,Toledo,8,2,54,22/04/2014,3,31343.00,0.05
1239222,Clarina,Coble,32,2,14,08/04/2002,15,55923.00,0.08
1239232,Chiara,Merrick,10,4,3,21/04/2003,14,37580.00,0.06
1239242,Joria,Goble,11,3,56,25/04/2003,14,30251.00,0.05
1239252,Masa,Wilder,12,2,21,28/03/2012,5,51440.00,0.07
1239262,Dema,Adam,13,4,17,17/04/2012,5,43134.00,0.06
1239272,Demi,Britton,14,2,12,03/04/2012,5,95141.00,0.13
1239282,Dasa,Goad,15,1,22,03/04/2012,5,99383.00,0.13
1239292,Lucai,Faber,16,1,25,13/05/2012,5,73479.00,0.10
1239302,Luciana,Rendon,17,1,52,17/05/2015,2,66413.00,0.10
1239312,Roger,Harbin,18,2,16,10/05/2016,1,37149.00,0.06
1239322,Berger,Sykes,19,2,6,10/05/2011,6,100748.00,0.13
1239332,Drummond,Lange,20,2,51,10/05/2004,13,55020.00,0.08
1239342,Workman,Saenz,21,2,2,15/06/2016,1,68712.00,0.10
1239352,Mcmillan,Askew,22,2,31,29/05/2012,5,80294.00,0.11
1239362,House,Fair,23,2,55,15/06/2011,6,74823.00,0.10
1239372,Archer,Saxton,24,2,38,08/06/2010,7,99708.00,0.13
1239382,Schreiber,Sturgill,25,2,1,03/06/2008,9,55766.00,0.08
1239392,Morrell,Freed,26,2,10,22/06/2008,9,93954.00,0.12
1239402,Jacques,Gold,27,2,34,21/06/2011,6,79538.00,0.11
1239412,Engle,Laflamme,28,1,20,07/06/2014,3,53792.00,0.07
1239422,Kemper,Shaffer,29,2,33,20/06/2014,3,81701.00,0.11
1239432,Willson,Lord,30,2,57,29/08/2006,10,49434.00,0.07
1239442,Chism,Bloom,31,2,5,05/10/2004,12,73542.00,0.10
1239452,Overton,Dupree,32,1,28,23/11/2014,2,98774.00,0.13
1239462,Treadwell,Harwell,33,1,11,20/12/2014,2,76388.00,0.11
1239472,Jeffery,Lemaster,34,2,13,26/12/2004,12,46988.00,0.07
1239482,Glynis,Chacon,35,1,42,31/07/2010,6,70182.00,0.10
1239492,Benny,Rosenbaum,36,3,44,29/07/2003,13,36099.00,0.06
1239502,Orlando,Mundy,37,1,30,05/01/2012,5,74760.00,0.10
1239512,Joel,Murdock,38,2,40,19/01/2014,3,53918.00,0.07
1239522,Stella,Guevara,39,4,29,27/06/2014,3,21998.00,0.01